list_id,created_by,title,description
1,5,caseywoodward's Watchlist,Films you want to see.
2,6,christopher37's Watchlist,Films you want to see.
3,7,jeanette39's Watchlist,Films you want to see.
4,8,amy79's Watchlist,Films you want to see.
5,9,vwells's Watchlist,Films you want to see.
6,10,kevinstone's Watchlist,Films you want to see.
7,11,rfoster's Watchlist,Films you want to see.
8,1,Top 10 Movies by Christopher Nolan,A list of the top 10 movies directed by Christopher Nolan
9,1,Top 10 Movies by Denis Villeneuve,A list of the top 10 movies directed by Denis Villeneuve
10,1,Top 10 Movies by Quentin Tarantino,A list of the top 10 movies directed by Quentin Tarantino
